country,region,income,source,ref_year,internet_female,internet_male,gap_diff,gap_ratio,gdp_pc_ppp,flfp,enroll_fem,internet_total,urban_pct,gii,log_gdp
Albania,Europe & Central Asia,Upper middle income,Findex 2024,2024,86.6789183447289,78.6354182285826,-8.043500116146305,1.102288514480395,21640.9835773271,58.154,106.71573638916,85.86389923,58.5463634043555,0.107,9.982344183744848
Algeria,"Middle East, North Africa, Afghanistan & Pakistan",Upper middle income,Findex 2024,2024,83.4562329097548,82.3850163944107,-1.071216515344105,1.0130025648136762,15501.9197003966,14.306,106.533807793893,77.4178009,75.2792907190618,0.443,9.648719146876847
Argentina,Latin America & Caribbean,Upper middle income,Findex 2024,2024,90.1052815793255,85.9173019671556,-4.1879796121699115,1.0487443101247629,26771.9657650571,52.281,107.980730920017,89.66715228,92.2742315972952,0.264,10.195110565460455
Armenia,Europe & Central Asia,Upper middle income,Findex 2024,2024,90.8694424523217,83.3786206594297,-7.490821792892007,1.0898410375903098,20078.7848984844,51.586,90.1346954711088,81.33930206,65.8113671449901,0.18,9.907419058950993
Azerbaijan,Europe & Central Asia,Upper middle income,Findex 2024,2024,84.5633955497302,88.24173232181191,3.678336772081707,0.9583152248341288,22090.5298026929,61.35,89.60752233538,90.43979645,58.573795837717,0.315,10.002904279951494
Bangladesh,South Asia,Lower middle income,Findex 2024,2024,37.9027519095372,49.4201109745108,11.517359064973595,0.766949955435878,8486.78495660517,38.708,70.4720309842244,53.42171316,32.6783196323307,0.487,9.046265521673547
Belarus,Europe & Central Asia,Upper middle income,ITU,2024,94.6534,93.6995,-0.9539000000000044,1.0101804171847235,29135.9465139232,57.229,95.0767756373877,94.26182128,79.1551015210848,0.08,10.27972796622721
Belize,Latin America & Caribbean,Upper middle income,Findex 2024,2024,87.84575140467959,84.02153926571249,-3.8242121389670984,1.0455146641252702,12621.4081961897,43.833,87.4232987312572,80.00582262,41.7532107338224,0.428,9.443149714354247
Benin,Sub-Saharan Africa,Lower middle income,Findex 2024,2024,28.3606061944907,41.1532652377931,12.7926590433024,0.6891459530760572,3901.32588494392,74.985,40.2818489074707,33.98379898,52.5455354818423,0.573,8.269071744839303
Bhutan,South Asia,Lower middle income,ITU,2021,86.2535,84.7856,-1.4679000000000002,1.0173130814666642,13458.812666743,64.902,100.878047817838,85.636883889999993,40.3075199874379,0.266,9.507389387327352
Bolivia,Latin America & Caribbean,Lower middle income,Findex 2024,2024,76.7675833910171,81.5395143628361,4.771930971819003,0.9414770739179932,11329.1518061536,72.389,90.2157592773438,79.70469666,71.2361453773988,0.419,9.335134488567771
Bosnia and Herzegovina,Europe & Central Asia,Upper middle income,Findex 2024,2024,84.3440476051407,85.2644495914279,0.920401986287203,0.9892053254234608,20578.4995446816,39.399,90.4367218017578,86.10091103,52.1224302754935,0.157,9.932002098308402
Botswana,Sub-Saharan Africa,Upper middle income,Findex 2024,2024,42.5673637875476,52.9074520720645,10.340088284516902,0.8045627245395826,18107.614452913,63.45,74.0652465820312,57.45950036,67.4623537838418,0.49,9.804087816795771
Brazil,Latin America & Caribbean,Upper middle income,Findex 2024,2024,87.0103314853866,88.1356844757874,1.125352990400799,0.9872315850600792,19652.365499171,53.576,105.251502990723,84.46347227,87.8958549533146,0.39,9.88595299168932
Burkina Faso,Sub-Saharan Africa,Low income,Findex 2024,2024,20.243463552189,43.7570577199066,23.5135941677176,0.46263310668120056,2548.50247702504,64.113,33.2389182465594,28.25270081,28.3352514896662,0.555,7.84326120173373
Cabo Verde,Sub-Saharan Africa,Upper middle income,ITU,2019,60.965,62.9212,1.9561999999999955,0.9689103195743248,9111.62993173269,50.407,103.593505622998,61.9433977593088,71.6254285086577,0.337,9.117306891015698
Cambodia,East Asia & Pacific,Lower middle income,Findex 2024,2024,80.24413927426221,81.8716842466113,1.6275449723490851,0.9801207830603968,7011.58146903703,77.299,63.098667348683,68.47530365,40.8727033252729,0.506,8.85531855644414
Cameroon,Sub-Saharan Africa,Lower middle income,Findex 2024,2024,39.2762934059602,53.6587402120187,14.382446806058496,0.7319645084988958,4916.93354019494,57.104,42.4944197803389,46.25880051,55.4031748609078,0.558,8.500440350988468
Chad,Sub-Saharan Africa,Low income,Findex 2024,2024,7.48358262952616,15.4636331220705,7.980050492544339,0.4839472438624532,2430.73298355271,47.554,19.4390107130432,12.62689972,26.9315292389497,0.67,7.795948130172703
China,East Asia & Pacific,Upper middle income,Findex 2024,2024,89.18184218129271,83.4270366576645,-5.754805523628207,1.0689801023047545,23841.4769141817,59.448,NA,92,65.8946980998325,0.132,10.079182070358621
Colombia,Latin America & Caribbean,Upper middle income,Findex 2024,2024,79.8621723567329,81.5851669250381,1.7229945683051966,0.9788810315251508,18481.8374929368,51.719,103.587738037109,79.34543299,78.5210811866115,0.393,9.824543771688672
Comoros,Sub-Saharan Africa,Lower middle income,Findex 2024,2024,37.4067759712482,50.172935771786896,12.766159800538697,0.7455568504381335,3556.0384263801,47.126,56.4125595092773,32.51750183,33.5392215673301,0.501,8.176402402644054
"Congo, Dem. Rep.",Sub-Saharan Africa,Low income,Findex 2024,2024,25.3433773454454,38.3761022637725,13.0327249183271,0.6603947730608861,1601.70926640422,61.886,42.9527015686035,19.67350006,44.7455804408753,0.604,7.378826629513212
"Congo, Rep.",Sub-Saharan Africa,Lower middle income,Findex 2024,2024,27.46899558145,40.4232997280092,12.954304146559195,0.679533728475333,6152.5650911844205,65.604,NA,47.25159836,63.8866111699904,0.565,8.724624361841009
Cote d'Ivoire,Sub-Saharan Africa,Lower middle income,Findex 2024,2024,40.966867939264304,53.2761144004238,12.309246461159496,0.7689537497302622,6747.0379677706,59.465,64.4785040152839,41.43219902,53.9733113940142,0.589,8.816858867967543
Cuba,Latin America & Caribbean,Upper middle income,ITU,2019,75.1128,60.7326,-14.380199999999997,1.2367789292735696,NA,44.687,101.62084197998,67.9708086565152,77.0728225708008,0.304,NA
Dominican Republic,Latin America & Caribbean,Upper middle income,Findex 2024,2024,91.0809841088496,87.52965779346489,-3.5513263153847134,1.0405728344530312,24229.8894872915,53.266,80.5245385688015,91.0022446,72.4121874752151,0.417,10.095342252813438
Ecuador,Latin America & Caribbean,Upper middle income,Findex 2024,2024,79.8016741068429,86.0059082449953,6.204234138152401,0.927862698449982,13922.4222780744,52.394,94.1827583420861,77.17273115,63.2376932397602,0.358,9.541255932979174
"Egypt, Arab Rep.","Middle East, North Africa, Afghanistan & Pakistan",Lower middle income,Findex 2024,2024,43.94768181141,65.5887796650037,21.6410978535937,0.6700487802315254,16798.151577838,18.468,83.9216814420657,74.64839935,42.8004363938404,0.398,9.729024134209451
El Salvador,Latin America & Caribbean,Upper middle income,Findex 2024,2024,79.80084415144209,82.1676751398466,2.3668309884045016,0.9711951082420645,11647.0234480127,48.957,61.1295384065253,66.47769928,75.0674905102199,0.362,9.362805928324004
Eswatini,Sub-Saharan Africa,Lower middle income,Findex 2024,2024,46.5484245936459,58.153150031123005,11.604725437477107,0.8004454542657384,10386.2145717572,48.422,NA,63.40309906,26.2498461258639,0.484,9.248234683901735
Ethiopia,Sub-Saharan Africa,Low income,Findex 2024,2024,7.16518566083912,20.8579218877955,13.69273622695638,0.3435234679362594,2892.22220162795,58.391,NA,21.94129944,23.6222839355469,0.497,7.969780413531821
Gabon,Sub-Saharan Africa,Upper middle income,Findex 2024,2024,66.2634773830321,71.0549708273929,4.79149344436081,0.9325663864390245,18923.6616609778,41.808,NA,68.72090149,91.8632094677575,0.505,9.848168357758924
"Gambia, The",Sub-Saharan Africa,Low income,Findex 2024,2024,66.5677629843551,62.9907034542792,-3.5770595300759,1.05678710244397,3057.6841778633,45.428,116.372766553778,49.49430084,64.2994103409645,0.578,8.025413103805404
Georgia,Europe & Central Asia,Upper middle income,Findex 2024,2024,82.8937052498611,80.64600127282459,-2.247703977036508,1.0278712390144744,24146.6234108645,56.673,97.8280378119792,83.79855689,61.0789605093733,0.257,10.091899831949855
Ghana,Sub-Saharan Africa,Lower middle income,Findex 2024,2024,47.7402627052488,62.360834560358406,14.62057185510961,0.7655488102719583,7072.79879594445,55.733,76.4284133911133,72.17569733,58.3654868038581,0.514,8.864011549854114
Guatemala,Latin America & Caribbean,Upper middle income,Findex 2024,2024,64.8590538043272,78.0250506157921,13.165996811464892,0.8312593621208094,12643.9841235004,38.42,50.4821609334209,60.22140121,55.9547027274763,0.48,9.444936817679896
Guinea,Sub-Saharan Africa,Lower middle income,Findex 2024,2024,25.3996134486269,36.6488695613154,11.2492561126885,0.6930531214921124,4016.34191385979,42.882,NA,33.30469894,38.0713036688655,0.609,8.298126795660833
Honduras,Latin America & Caribbean,Lower middle income,Findex 2024,2024,76.30025815111439,74.037428873683,-2.2628292774313934,1.0305633152292748,6590.84384301553,39.617,56.205606327767,58.62269974,58.7850728104829,0.437,8.79343666831499
India,South Asia,Lower middle income,Findex 2024,2024,36.3262135673183,54.973505417099,18.6472918497807,0.6607949282422759,9416.05137044735,32.415,78.7182686071249,64.9434967,35.3788972368389,0.403,9.150171104580217
Indonesia,East Asia & Pacific,Upper middle income,Findex 2024,2024,70.0734651337029,70.8486149588815,0.7751498251786018,0.9890590687534474,14470.7179806578,53.588,98.6691707526139,72.78075544,58.7509635387997,0.423,9.579882436961107
"Iran, Islamic Rep.","Middle East, North Africa, Afghanistan & Pakistan",Upper middle income,Findex 2024,2024,77.820418086435,77.1432305570795,-0.6771875293554928,1.0087783143701046,17484.1320140467,14.144,86.1972427368164,85.3404007,77.0201263427734,0.482,9.769049006517884
Iraq,"Middle East, North Africa, Afghanistan & Pakistan",Upper middle income,Findex 2024,2024,65.47414784071151,86.1667778585704,20.69263001785889,0.7598537332819537,12725.0431260364,11.003,NA,81.47450256,69.8861494108913,0.558,9.451327230492462
Jamaica,Latin America & Caribbean,Upper middle income,ITU,2023,92.2942,86.5903,-5.703900000000004,1.0658722743771532,11398.8120394641,63.047,85.6044566148171,89.47304282,58.4510149367429,0.358,9.3412644218881
Jordan,"Middle East, North Africa, Afghanistan & Pakistan",Upper middle income,Findex 2024,2024,89.42527780449569,89.1200355180916,-0.3052422864040949,1.0034250691736106,10468.265334284,16.008,92.9268253048268,95.62244985,92.9501393764286,0.433,9.256103610509161
Kazakhstan,Europe & Central Asia,Upper middle income,Findex 2024,2024,87.71315063506509,89.126232178839,1.413081543773913,0.9841451668130832,35973.9633287017,65.291,96.7445196567945,93.39167254,62.072531584162,0.182,10.490550714904
Kenya,Sub-Saharan Africa,Lower middle income,Findex 2024,2024,49.6259372571647,71.85986222563389,22.23392496846919,0.6905932702924402,5841.59866001706,63.012,84.7505339840655,34.97622513,31.8937831721599,0.526,8.672759781515058
Kyrgyz Republic,Europe & Central Asia,Lower middle income,Findex 2024,2024,92.1697593512115,91.875855530343,-0.2939038208684934,1.003198923364272,7210.57669830499,44.256,92.5232415743903,92.0286026,34.7219977865937,0.34,8.883304212975576
Lao PDR,East Asia & Pacific,Lower middle income,Findex 2024,2024,73.3612142911848,66.9672833652822,-6.393930925902595,1.0954784277424847,8600.3245466568,61.466,50.9977217073246,65.59269714,39.5552154401406,0.475,9.059555219512887
Lebanon,"Middle East, North Africa, Afghanistan & Pakistan",Lower middle income,Findex 2024,2024,93.3993868223083,95.0218251886465,1.6224383663382014,0.9829256240540826,10469.2210966932,22.234,67.5449829101562,80.63400269,90.703695784554,0.36,9.256194907276136
Lesotho,Sub-Saharan Africa,Lower middle income,Findex 2024,2024,47.5138163465784,43.9782665210723,-3.535549825506102,1.080393114717517,2697.62738436647,48.457,NA,51.79660034,43.6780334209246,0.534,7.900127919137414
Liberia,Sub-Saharan Africa,Low income,Findex 2024,2024,29.5571588621117,36.2766255976818,6.719466735570101,0.8147714506279906,1646.05861366601,72.021,NA,32.23360062,55.5387986654968,0.646,7.40613899036364
Libya,"Middle East, North Africa, Afghanistan & Pakistan",Upper middle income,Findex 2024,2024,81.9462711051532,79.0923306268304,-2.853940478322798,1.036083656350805,12583.8338726816,33.28,NA,81.95449829,87.8854066107749,0.253,9.440168243179391
Madagascar,Sub-Saharan Africa,Low income,Findex 2024,2024,7.51848473590579,14.9051272477778,7.386642511872011,0.5044227138031792,1659.15030770194,82.915,35.2580222250234,18.67790031,32.4339893339844,0.584,7.4140608874739335
Malawi,Sub-Saharan Africa,Low income,Findex 2024,2024,17.8161939653371,23.4378384607099,5.621644495372802,0.7601466319175864,1634.24660266597,58.534,37.2564052253575,18.96159935,17.268503531213,0.581,7.398937183656944
Malaysia,East Asia & Pacific,Upper middle income,Findex 2024,2024,86.7899140840487,86.9869744526902,0.19706036864150175,0.9977345991180704,34116.2317848885,51.617,81.5357622372136,98.0206059,76.9170296648992,0.172,10.437528555438917
Maldives,South Asia,Upper middle income,ITU,2022,95.4996,76.3672,-19.132400000000004,1.2505316418567134,21357.8112511153,40.171,79.1463748290014,83.91189054,41.0641769690663,0.312,9.969172818306697
Mali,Sub-Saharan Africa,Low income,Findex 2024,2024,40.2577120775445,51.89978162812841,11.642069550583912,0.7756817237883291,2917.93245883671,53.093,37.1307560416794,36.80149841,31.6075621182225,0.612,7.978630582425785
Mauritania,Sub-Saharan Africa,Lower middle income,Findex 2024,2024,56.868861475398006,63.0358034462749,6.166941970876891,0.9021676311918044,6482.69016635936,26.239,NA,45.77939987,60.6068586411829,0.603,8.776890852325295
Mauritius,Sub-Saharan Africa,Upper middle income,Findex 2024,2024,72.52228635754689,81.8795022489415,9.357215891394617,0.8857196778878125,27844.8956114831,47.45,93.386946088039707,73.30793533,39.0162147027917,0.352,10.234404947102506
Mexico,Latin America & Caribbean,Upper middle income,Findex 2024,2024,75.0329196140232,80.223490209757,5.190570595733803,0.9352986191181382,21970.3520412926,47.414,109.978668212891,83.12233799,79.7538805976118,0.358,9.99744918897775
Moldova,Europe & Central Asia,Upper middle income,Findex 2024,2024,78.4476080555429,78.9328388646456,0.48523080910270266,0.9938526117129174,16393.8633257184,72.177,99.3201300620751,77.3687973,43.516471862793,0.146,9.7046623563305
Mongolia,East Asia & Pacific,Upper middle income,Findex 2024,2024,89.3895999138167,84.1034367824934,-5.286163131323292,1.0628531167518669,16842.6505873797,52.1,99.3672996596348,85.12349701,70.9566040039062,0.284,9.731669673710963
Montenegro,Europe & Central Asia,Upper middle income,Findex 2024,2024,83.5590009948296,84.0833595279969,0.5243585331673017,0.9937638251360222,28105.5927726624,51.429,95.1452331542969,88.88258428,65.5422314706266,0.121,10.243723866573387
Morocco,"Middle East, North Africa, Afghanistan & Pakistan",Lower middle income,Findex 2024,2024,62.5741953255187,67.0874382689856,4.513242943466892,0.9327259609262296,9162.7470703125,19.827,91.2537211746273,91.2,62.7998124018197,0.438,9.12290131121334
Mozambique,Sub-Saharan Africa,Low income,Findex 2024,2024,19.9924298970031,34.2792504258028,14.2868205287997,0.5832224931603034,1500.70758504856,77.206,NA,20.52729988,36.4332337447237,0.479,7.313691999229519
Namibia,Sub-Saharan Africa,Lower middle income,Findex 2024,2024,56.482743063166794,56.3272762042508,-0.1554668589159931,1.0027600634966307,10276.3686426386,54.911,86.3728889011327,64.87460327,50.4088030252155,0.448,9.237602231723974
Nepal,South Asia,Lower middle income,Findex 2024,2024,42.8937188618155,58.1252147558964,15.2314958940809,0.7379537270004535,5047.42449022702,27.378,90.8899312933145,46.32189941,66.772343163029,0.487,8.52663339023894
Nicaragua,Latin America & Caribbean,Lower middle income,Findex 2024,2024,73.99344674642539,75.52634571124919,1.5328989648238007,0.9797037848132576,7661.09410113202,51.082,70.6665573120117,61.39550018,59.2628402709961,0.408,8.943910085580924
Niger,Sub-Saharan Africa,Low income,Findex 2024,2024,13.8526009917283,17.368586929098402,3.515985937370102,0.7975663793650589,1795.65266888022,72.787,19.5379934744263,15.55760002,18.0497398450803,0.591,7.4931238386675165
Nigeria,Sub-Saharan Africa,Lower middle income,Findex 2024,2024,30.7420091731215,44.7330371509359,13.991027977814401,0.6872327731603245,7994.03754470824,80.714,47.4061508178711,41.21139908,62.9755675573659,0.677,8.986451235871227
North Macedonia,Europe & Central Asia,Upper middle income,Findex 2024,2024,82.6686781063551,83.7253662193202,1.056688112965091,0.9873791162621244,24203.1855800189,42.884,90.173713684082,93.6,62.5645376928533,0.112,10.094239539019553
Pakistan,"Middle East, North Africa, Afghanistan & Pakistan",Lower middle income,Findex 2024,2024,13.5958682033155,57.2070113868114,43.6111431834959,0.23766087187085452,5502.0736120186,23.989,46.4835415439493,57.253,39.1734368360905,0.536,8.612880320533261
Paraguay,Latin America & Caribbean,Upper middle income,Findex 2024,2024,85.1987430060085,82.41513736373331,-2.783605642275191,1.0337754171298648,16367.4940166481,58.944,80.8023312507795,81.57806793,69.8622585886961,0.412,9.70305257475221
Peru,Latin America & Caribbean,Upper middle income,Findex 2024,2024,74.2530023953768,82.0920576047654,7.839055209388604,0.9045089690999102,15708.8329440963,64.939,108.98267364502,81.95705992,85.1912729600355,0.34,9.661978441036132
Philippines,East Asia & Pacific,Upper middle income,Findex 2024,2024,74.0385936256926,67.2754891544764,-6.763104471216195,1.1005285068338473,10378.1717703535,50.511,86.1154588164975,67.26300914,55.4520983215477,0.351,9.247460011183417
Senegal,Sub-Saharan Africa,Lower middle income,Findex 2024,2024,67.7558018877377,72.6808466849973,4.925044797259602,0.9322373772198196,4477.81736836258,37.99,50.2150531512901,60.11780167,55.2368169057304,0.49,8.406891012129275
Serbia,Europe & Central Asia,Upper middle income,Findex 2024,2024,77.39707013888109,81.24674439565061,3.849674256769518,0.95261749519436,26900.7415340646,52.619,88.5398788452148,87.69071294,62.3830029804177,0.117,10.19990913153209
Sierra Leone,Sub-Saharan Africa,Low income,Findex 2024,2024,32.715962885150304,32.791966987514996,0.07600410236469202,0.9976822341156408,3098.76290446676,51.815,91.7119293212891,25.10499954,45.3626823156371,0.566,8.03875824775114
South Africa,Sub-Saharan Africa,Upper middle income,Findex 2024,2024,65.6124268898682,71.39410801305071,5.7816811231825085,0.919017391153264,13597.6538495998,49.801,107.464974022043,78.35759735,63.6917984858172,0.388,9.51765254578356
Sri Lanka,South Asia,Upper middle income,Findex 2024,2024,36.8688679028974,49.884576390114,13.0157084872166,0.739083511796724,13793.0669827677,30.998,90.4491165297148,54.59,20.2996997058686,0.367,9.531921352350809
Tajikistan,Europe & Central Asia,Lower middle income,Findex 2024,2024,55.192397682225305,70.2287521671385,15.03635448491319,0.7858946083916181,4755.93296704719,21.946,82.8936127916098,55.79339981,26.1788063651548,0.258,8.467148163314203
Tanzania,Sub-Saharan Africa,Lower middle income,Findex 2024,2024,15.5773728482612,25.905900409104397,10.328527560843195,0.6013059805783346,3713.26293945313,80.288,29.2047595977783,31.16209984,36.1684458862992,0.504,8.219666267574178
Thailand,East Asia & Pacific,Upper middle income,Findex 2024,2024,86.45410581531,85.0834417287786,-1.3706640865314057,1.016109645527748,21882.2142474833,59.473,94.0628144371624,90.86718789,61.8689338391321,0.288,9.993429451026337
Togo,Sub-Saharan Africa,Lower middle income,Findex 2024,2024,35.880633719045,51.861820569031,15.981186849986004,0.6918506393597551,3351.24993111939,56.604,59.0849653049812,39.48320007,43.8148491605996,0.564,8.117088668996463
Tunisia,"Middle East, North Africa, Afghanistan & Pakistan",Lower middle income,Findex 2024,2024,64.6945894088917,71.418819305963,6.724229897071297,0.90584792688515,12774.9158568021,26.635,NA,76.5,70.3585355691955,0.238,9.45523882849852
Turkiye,Europe & Central Asia,Upper middle income,Findex 2024,2024,83.67492752787909,91.351647176788,7.6767196489089,0.9159651753837283,36154.490436557,36.786,116.872711181641,87.3078767,89.3443122873887,0.227,10.495556436651539
Uganda,Sub-Saharan Africa,Low income,Findex 2024,2024,30.482209664520298,47.1468265134127,16.6646168488924,0.6465378885225388,2879.67009290376,75.556,NA,8.949831061,31.2777698213557,0.524,7.965431015493433
Ukraine,Europe & Central Asia,Upper middle income,Findex 2024,2024,93.3097404697324,96.6777500085815,3.368009538849094,0.9651625163126972,16371.44140625,47.738,86.3840713500977,82.47489929,69.5315643200148,NA,9.703293718184032
Uzbekistan,Europe & Central Asia,Lower middle income,Findex 2024,2024,69.2500767371908,78.5172562938574,9.267179556666605,0.8819727026377054,10997.1707291644,41.273,96.4939184204858,89.50550079,50.9986686706543,0.291,9.305393312257658
"Venezuela, RB",Latin America & Caribbean,Lower middle income,Findex 2024,2024,88.13977034784139,90.6848022423472,2.5450318945057973,0.9719354088934944,NA,37.332,102.248580932617,76.67890167,89.285859883201,0.512,NA
Viet Nam,East Asia & Pacific,Upper middle income,Findex 2024,2024,87.1667687809593,88.6183431882713,1.4515744073119947,0.9836199329045444,14396.4217369473,68.905,90.5445572317873,84.15,38.4900703430176,0.299,9.574734964195445
West Bank and Gaza,"Middle East, North Africa, Afghanistan & Pakistan",Lower middle income,Findex 2024,2024,93.70495129041028,94.4515363663102,0.7465850758999011,0.9920955750999704,4190.90911333626,18.934,92.1529721719084,86.63765334,87.1196014117004,NA,8.340672961537754
Zambia,Sub-Saharan Africa,Lower middle income,Findex 2024,2024,31.42182052463,46.9710145844212,15.549194059791198,0.6689619290244504,3708.06904295647,56.366,59.0707702636719,17.10099983,45.4703838491279,0.524,8.218266546511444
Zimbabwe,Sub-Saharan Africa,Lower middle income,Findex 2024,2024,26.947125797954204,36.9928950721101,10.045769274155898,0.7284405761005264,5211.89755587954,62.115,NA,41.64279938,39.8933716820696,0.519,8.558699282617862
