iso3,country,region,income,ref_year_itu,internet_female_itu,internet_male_itu,gap_diff_itu,gap_ratio_itu,internet_female_fx,internet_male_fx,gap_diff_fx,gap_ratio_fx,source,ref_year,internet_female,internet_male,gap_diff,gap_ratio,gdp_pc_ppp,gdp_pc_ppp_year,gdp_pc_const,gdp_pc_const_year,flfp,flfp_year,sec_enroll_fem_gross,sec_enroll_fem_gross_year,sec_enroll_fem_net,sec_enroll_fem_net_year,urban_pct,urban_pct_year,gii,gii_year,internet_total,internet_total_year,population,population_year,log_gdp,is_outlier
ALB,Albania,Europe & Central Asia,Upper middle income,2023,81.7239,84.59,2.866100000000003,0.9661177444142334,86.6789183447289,78.6354182285826,-8.043500116146305,1.102288514480395,Findex 2024,2024,86.6789183447289,78.6354182285826,-8.043500116146305,1.102288514480395,21640.9835773271,2024,6549.23387415397,2024,58.154,2024,106.71573638916,2024,NA,NA,58.5463634043555,2024,0.107,2023,85.86389923,2024,2377128,2024,9.982344183744848,FALSE
DZA,Algeria,"Middle East, North Africa, Afghanistan & Pakistan",Upper middle income,NA,NA,NA,NA,NA,83.4562329097548,82.3850163944107,-1.071216515344105,1.0130025648136762,Findex 2024,2024,83.4562329097548,82.3850163944107,-1.071216515344105,1.0130025648136762,15501.9197003966,2024,4765.72900168387,2024,14.306,2024,106.533807793893,2024,NA,NA,75.2792907190618,2024,0.443,2023,77.4178009,2024,46814308,2024,9.648719146876847,FALSE
ARG,Argentina,Latin America & Caribbean,Upper middle income,2024,89.1403,90.222,1.081699999999998,0.9880106847553812,90.1052815793255,85.9173019671556,-4.1879796121699115,1.0487443101247629,Findex 2024,2024,90.1052815793255,85.9173019671556,-4.1879796121699115,1.0487443101247629,26771.9657650571,2024,12774.3506596628,2024,52.281,2024,107.980730920017,2023,NA,NA,92.2742315972952,2024,0.264,2023,89.66715228,2024,45696159,2024,10.195110565460455,FALSE
ARM,Armenia,Europe & Central Asia,Upper middle income,2023,81.8635,77.8794,-3.984099999999998,1.0511573021877416,90.8694424523217,83.3786206594297,-7.490821792892007,1.0898410375903098,Findex 2024,2024,90.8694424523217,83.3786206594297,-7.490821792892007,1.0898410375903098,20078.7848984844,2024,5378.31799981682,2024,51.586,2024,90.1346954711088,2024,NA,NA,65.8113671449901,2024,0.18,2023,81.33930206,2024,3033500,2024,9.907419058950993,FALSE
AZE,Azerbaijan,Europe & Central Asia,Upper middle income,2023,85.3964,92.6833,7.286900000000003,0.92137850076551,84.5633955497302,88.24173232181191,3.678336772081707,0.9583152248341288,Findex 2024,2024,84.5633955497302,88.24173232181191,3.678336772081707,0.9583152248341288,22090.5298026929,2024,5876.03295533913,2024,61.35,2024,89.60752233538,2024,NA,NA,58.573795837717,2024,0.315,2023,90.43979645,2024,10202830,2024,10.002904279951494,FALSE
BGD,Bangladesh,South Asia,Lower middle income,2024,50.0558,56.8579,6.802100000000003,0.8803666684840629,37.9027519095372,49.4201109745108,11.517359064973595,0.766949955435878,Findex 2024,2024,37.9027519095372,49.4201109745108,11.517359064973595,0.766949955435878,8486.78495660517,2024,1941.27874360025,2024,38.708,2024,70.4720309842244,2024,NA,NA,32.6783196323307,2024,0.487,2023,53.42171316,2024,173562364,2024,9.046265521673547,FALSE
BLR,Belarus,Europe & Central Asia,Upper middle income,2024,94.6534,93.6995,-0.9539000000000044,1.0101804171847235,NA,NA,NA,NA,ITU,2024,94.6534,93.6995,-0.9539000000000044,1.0101804171847235,29135.9465139232,2024,6814.34443423546,2024,57.229,2024,95.0767756373877,2024,NA,NA,79.1551015210848,2024,0.08,2023,94.26182128,2024,9132629,2024,10.27972796622721,FALSE
BLZ,Belize,Latin America & Caribbean,Upper middle income,2024,81.712,78.2689,-3.443100000000001,1.043990652736911,87.84575140467959,84.02153926571249,-3.8242121389670984,1.0455146641252702,Findex 2024,2024,87.84575140467959,84.02153926571249,-3.8242121389670984,1.0455146641252702,12621.4081961897,2024,6290.49294452749,2024,43.833,2024,87.4232987312572,2024,NA,NA,41.7532107338224,2024,0.428,2023,80.00582262,2024,417072,2024,9.443149714354247,FALSE
BEN,Benin,Sub-Saharan Africa,Lower middle income,NA,NA,NA,NA,NA,28.3606061944907,41.1532652377931,12.7926590433024,0.6891459530760572,Findex 2024,2024,28.3606061944907,41.1532652377931,12.7926590433024,0.6891459530760572,3901.32588494392,2024,1324.78312597434,2024,74.985,2024,40.2818489074707,2022,NA,NA,52.5455354818423,2024,0.573,2023,33.98379898,2024,14462724,2024,8.269071744839303,FALSE
BTN,Bhutan,South Asia,Lower middle income,2021,86.2535,84.7856,-1.4679000000000002,1.0173130814666642,NA,NA,NA,NA,ITU,2021,86.2535,84.7856,-1.4679000000000002,1.0173130814666642,13458.812666743,2021,3206.20366997254,2021,64.902,2021,100.878047817838,2021,76.54685,2018,40.3075199874379,2021,0.266,2021,85.636883889999993,2021,775442,2021,9.507389387327352,FALSE
BOL,Bolivia,Latin America & Caribbean,Lower middle income,2021,63.7076,68.3228,4.6152000000000015,0.9324500752311088,76.7675833910171,81.5395143628361,4.771930971819003,0.9414770739179932,Findex 2024,2024,76.7675833910171,81.5395143628361,4.771930971819003,0.9414770739179932,11329.1518061536,2024,3045.61476620329,2024,72.389,2024,90.2157592773438,2024,NA,NA,71.2361453773988,2024,0.419,2023,79.70469666,2024,12413315,2024,9.335134488567771,FALSE
BIH,Bosnia and Herzegovina,Europe & Central Asia,Upper middle income,2024,84.716,87.3019,2.5859000000000094,0.9703797970032724,84.3440476051407,85.2644495914279,0.920401986287203,0.9892053254234608,Findex 2024,2024,84.3440476051407,85.2644495914279,0.920401986287203,0.9892053254234608,20578.4995446816,2024,6746.95366547249,2024,39.399,2024,90.4367218017578,2023,NA,NA,52.1224302754935,2024,0.157,2023,86.10091103,2024,3164253,2024,9.932002098308402,FALSE
BWA,Botswana,Sub-Saharan Africa,Upper middle income,2024,57.9562,56.895,-1.0611999999999997,1.0186519026276477,42.5673637875476,52.9074520720645,10.340088284516902,0.8045627245395826,Findex 2024,2024,42.5673637875476,52.9074520720645,10.340088284516902,0.8045627245395826,18107.614452913,2024,6952.34770386661,2024,63.45,2024,74.0652465820312,2021,NA,NA,67.4623537838418,2024,0.49,2023,57.45950036,2024,2521139,2024,9.804087816795771,FALSE
BRA,Brazil,Latin America & Caribbean,Upper middle income,2024,83.7948,85.1736,1.3787999999999982,0.9838118853729324,87.0103314853866,88.1356844757874,1.125352990400799,0.9872315850600792,Findex 2024,2024,87.0103314853866,88.1356844757874,1.125352990400799,0.9872315850600792,19652.365499171,2024,9566.74518687619,2024,53.576,2024,105.251502990723,2024,NA,NA,87.8958549533146,2024,0.39,2023,84.46347227,2024,211998573,2024,9.88595299168932,FALSE
BFA,Burkina Faso,Sub-Saharan Africa,Low income,2019,6.61695,12.2789,5.66195,0.5388878482600233,20.243463552189,43.7570577199066,23.5135941677176,0.46263310668120056,Findex 2024,2024,20.243463552189,43.7570577199066,23.5135941677176,0.46263310668120056,2548.50247702504,2024,764.082625588818,2024,64.113,2024,33.2389182465594,2024,NA,NA,28.3352514896662,2024,0.555,2023,28.25270081,2024,23548781,2024,7.84326120173373,FALSE
CPV,Cabo Verde,Sub-Saharan Africa,Upper middle income,2019,60.965,62.9212,1.9561999999999955,0.9689103195743248,NA,NA,NA,NA,ITU,2019,60.965,62.9212,1.9561999999999955,0.9689103195743248,9111.62993173269,2019,4115.90283469406,2019,50.407,2019,103.593505622998,2019,74.47218,2018,71.6254285086577,2019,0.337,2019,61.9433977593088,2019,514104,2019,9.117306891015698,FALSE
KHM,Cambodia,East Asia & Pacific,Lower middle income,2019,51.712,52.9595,1.2474999999999952,0.9764442640130668,80.24413927426221,81.8716842466113,1.6275449723490851,0.9801207830603968,Findex 2024,2024,80.24413927426221,81.8716842466113,1.6275449723490851,0.9801207830603968,7011.58146903703,2024,2183.55682401667,2024,77.299,2024,63.098667348683,2024,NA,NA,40.8727033252729,2024,0.506,2023,68.47530365,2024,17638801,2024,8.85531855644414,FALSE
CMR,Cameroon,Sub-Saharan Africa,Lower middle income,NA,NA,NA,NA,NA,39.2762934059602,53.6587402120187,14.382446806058496,0.7319645084988958,Findex 2024,2024,39.2762934059602,53.6587402120187,14.382446806058496,0.7319645084988958,4916.93354019494,2024,1480.73097431993,2024,57.104,2024,42.4944197803389,2023,NA,NA,55.4031748609078,2024,0.558,2023,46.25880051,2024,29123744,2024,8.500440350988468,FALSE
TCD,Chad,Sub-Saharan Africa,Low income,NA,NA,NA,NA,NA,7.48358262952616,15.4636331220705,7.980050492544339,0.4839472438624532,Findex 2024,2024,7.48358262952616,15.4636331220705,7.980050492544339,0.4839472438624532,2430.73298355271,2024,855.999353179333,2024,47.554,2024,19.4390107130432,2024,NA,NA,26.9315292389497,2024,0.67,2023,12.62689972,2024,20299123,2024,7.795948130172703,FALSE
CHN,China,East Asia & Pacific,Upper middle income,2023,77.3218,77.6366,0.3148000000000053,0.9959452114080214,89.18184218129271,83.4270366576645,-5.754805523628207,1.0689801023047545,Findex 2024,2024,89.18184218129271,83.4270366576645,-5.754805523628207,1.0689801023047545,23841.4769141817,2024,13119.1076099516,2024,59.448,2024,NA,NA,NA,NA,65.8946980998325,2024,0.132,2023,92,2024,1408975000,2024,10.079182070358621,FALSE
COL,Colombia,Latin America & Caribbean,Upper middle income,2024,80.067,78.5814,-1.485599999999991,1.0189052371171805,79.8621723567329,81.5851669250381,1.7229945683051966,0.9788810315251508,Findex 2024,2024,79.8621723567329,81.5851669250381,1.7229945683051966,0.9788810315251508,18481.8374929368,2024,6865.31283944628,2024,51.719,2024,103.587738037109,2022,NA,NA,78.5210811866115,2024,0.393,2023,79.34543299,2024,52886363,2024,9.824543771688672,FALSE
COM,Comoros,Sub-Saharan Africa,Lower middle income,NA,NA,NA,NA,NA,37.4067759712482,50.172935771786896,12.766159800538697,0.7455568504381335,Findex 2024,2024,37.4067759712482,50.172935771786896,12.766159800538697,0.7455568504381335,3556.0384263801,2024,1402.52614298112,2024,47.126,2024,56.4125595092773,2022,NA,NA,33.5392215673301,2024,0.501,2023,32.51750183,2024,866628,2024,8.176402402644054,FALSE
COD,"Congo, Dem. Rep.",Sub-Saharan Africa,Low income,NA,NA,NA,NA,NA,25.3433773454454,38.3761022637725,13.0327249183271,0.6603947730608861,Findex 2024,2024,25.3433773454454,38.3761022637725,13.0327249183271,0.6603947730608861,1601.70926640422,2024,554.117609962628,2024,61.886,2024,42.9527015686035,2021,NA,NA,44.7455804408753,2024,0.604,2023,19.67350006,2024,109276265,2024,7.378826629513212,FALSE
COG,"Congo, Rep.",Sub-Saharan Africa,Lower middle income,NA,NA,NA,NA,NA,27.46899558145,40.4232997280092,12.954304146559195,0.679533728475333,Findex 2024,2024,27.46899558145,40.4232997280092,12.954304146559195,0.679533728475333,6152.5650911844205,2024,1671.7266018229,2024,65.604,2024,NA,NA,NA,NA,63.8866111699904,2024,0.565,2023,47.25159836,2024,6332961,2024,8.724624361841009,FALSE
CIV,Cote d'Ivoire,Sub-Saharan Africa,Lower middle income,2024,38.2892,44.5221,6.232900000000001,0.8600043573865563,40.966867939264304,53.2761144004238,12.309246461159496,0.7689537497302622,Findex 2024,2024,40.966867939264304,53.2761144004238,12.309246461159496,0.7689537497302622,6747.0379677706,2024,2395.65916961845,2024,59.465,2024,64.4785040152839,2024,NA,NA,53.9733113940142,2024,0.589,2023,41.43219902,2024,31934230,2024,8.816858867967543,FALSE
CUB,Cuba,Latin America & Caribbean,Upper middle income,2019,75.1128,60.7326,-14.380199999999997,1.2367789292735696,NA,NA,NA,NA,ITU,2019,75.1128,60.7326,-14.380199999999997,1.2367789292735696,NA,NA,8124.75282059108,2019,44.687,2019,101.62084197998,2019,86.70001,2018,77.0728225708008,2019,0.304,2019,67.9708086565152,2019,11202846,2019,NA,FALSE
DOM,Dominican Republic,Latin America & Caribbean,Upper middle income,2024,91.2981,90.6907,-0.6073999999999984,1.0066974893787346,91.0809841088496,87.52965779346489,-3.5513263153847134,1.0405728344530312,Findex 2024,2024,91.0809841088496,87.52965779346489,-3.5513263153847134,1.0405728344530312,24229.8894872915,2024,9168.45418897141,2024,53.266,2024,80.5245385688015,2024,NA,NA,72.4121874752151,2024,0.417,2023,91.0022446,2024,11427557,2024,10.095342252813438,FALSE
ECU,Ecuador,Latin America & Caribbean,Upper middle income,2024,78.153,76.1506,-2.0024000000000086,1.0262952622828974,79.8016741068429,86.0059082449953,6.204234138152401,0.927862698449982,Findex 2024,2024,79.8016741068429,86.0059082449953,6.204234138152401,0.927862698449982,13922.4222780744,2024,5993.74697758454,2024,52.394,2024,94.1827583420861,2023,NA,NA,63.2376932397602,2024,0.358,2023,77.17273115,2024,18135478,2024,9.541255932979174,FALSE
EGY,"Egypt, Arab Rep.","Middle East, North Africa, Afghanistan & Pakistan",Lower middle income,2022,65.188,79.2587,14.070700000000002,0.8224712239791973,43.94768181141,65.5887796650037,21.6410978535937,0.6700487802315254,Findex 2024,2024,43.94768181141,65.5887796650037,21.6410978535937,0.6700487802315254,16798.151577838,2024,4137.6092923313,2024,18.468,2024,83.9216814420657,2024,NA,NA,42.8004363938404,2024,0.398,2023,74.64839935,2024,116538258,2024,9.729024134209451,FALSE
SLV,El Salvador,Latin America & Caribbean,Upper middle income,2020,52.3743,57.1996,4.825299999999999,0.9156410184686606,79.80084415144209,82.1676751398466,2.3668309884045016,0.9711951082420645,Findex 2024,2024,79.80084415144209,82.1676751398466,2.3668309884045016,0.9711951082420645,11647.0234480127,2024,4576.55846613444,2024,48.957,2024,61.1295384065253,2024,NA,NA,75.0674905102199,2024,0.362,2023,66.47769928,2024,6338193,2024,9.362805928324004,FALSE
SWZ,Eswatini,Sub-Saharan Africa,Lower middle income,NA,NA,NA,NA,NA,46.5484245936459,58.153150031123005,11.604725437477107,0.8004454542657384,Findex 2024,2024,46.5484245936459,58.153150031123005,11.604725437477107,0.8004454542657384,10386.2145717572,2024,3866.37127926695,2024,48.422,2024,NA,NA,NA,NA,26.2498461258639,2024,0.484,2023,63.40309906,2024,1242822,2024,9.248234683901735,FALSE
ETH,Ethiopia,Sub-Saharan Africa,Low income,2021,13.7072,19.7244,6.017199999999999,0.6949362211271319,7.16518566083912,20.8579218877955,13.69273622695638,0.3435234679362594,Findex 2024,2024,7.16518566083912,20.8579218877955,13.69273622695638,0.3435234679362594,2892.22220162795,2024,883.458588614999,2024,58.391,2024,NA,NA,NA,NA,23.6222839355469,2024,0.497,2023,21.94129944,2024,132059767,2024,7.969780413531821,FALSE
GAB,Gabon,Sub-Saharan Africa,Upper middle income,NA,NA,NA,NA,NA,66.2634773830321,71.0549708273929,4.79149344436081,0.9325663864390245,Findex 2024,2024,66.2634773830321,71.0549708273929,4.79149344436081,0.9325663864390245,18923.6616609778,2024,6618.9868586134,2024,41.808,2024,NA,NA,NA,NA,91.8632094677575,2024,0.505,2023,68.72090149,2024,2538952,2024,9.848168357758924,FALSE
GMB,"Gambia, The",Sub-Saharan Africa,Low income,NA,NA,NA,NA,NA,66.5677629843551,62.9907034542792,-3.5770595300759,1.05678710244397,Findex 2024,2024,66.5677629843551,62.9907034542792,-3.5770595300759,1.05678710244397,3057.6841778633,2024,758.965888826955,2024,45.428,2024,116.372766553778,2021,NA,NA,64.2994103409645,2024,0.578,2023,49.49430084,2024,2759988,2024,8.025413103805404,FALSE
GEO,Georgia,Europe & Central Asia,Upper middle income,2024,84.4147,83.0962,-1.3185000000000002,1.0158671515664977,82.8937052498611,80.64600127282459,-2.247703977036508,1.0278712390144744,Findex 2024,2024,82.8937052498611,80.64600127282459,-2.247703977036508,1.0278712390144744,24146.6234108645,2024,6606.35772271858,2024,56.673,2024,97.8280378119792,2024,NA,NA,61.0789605093733,2024,0.257,2023,83.79855689,2024,3812518,2024,10.091899831949855,FALSE
GHA,Ghana,Sub-Saharan Africa,Lower middle income,NA,NA,NA,NA,NA,47.7402627052488,62.360834560358406,14.62057185510961,0.7655488102719583,Findex 2024,2024,47.7402627052488,62.360834560358406,14.62057185510961,0.7655488102719583,7072.79879594445,2024,2173.00329800201,2024,55.733,2024,76.4284133911133,2024,NA,NA,58.3654868038581,2024,0.514,2023,72.17569733,2024,34427414,2024,8.864011549854114,FALSE
GTM,Guatemala,Latin America & Caribbean,Upper middle income,2021,48.5503,53.3763,4.8260000000000005,0.9095853403102124,64.8590538043272,78.0250506157921,13.165996811464892,0.8312593621208094,Findex 2024,2024,64.8590538043272,78.0250506157921,13.165996811464892,0.8312593621208094,12643.9841235004,2024,4564.21378502908,2024,38.42,2024,50.4821609334209,2024,NA,NA,55.9547027274763,2024,0.48,2023,60.22140121,2024,18406359,2024,9.444936817679896,FALSE
GIN,Guinea,Sub-Saharan Africa,Lower middle income,NA,NA,NA,NA,NA,25.3996134486269,36.6488695613154,11.2492561126885,0.6930531214921124,Findex 2024,2024,25.3996134486269,36.6488695613154,11.2492561126885,0.6930531214921124,4016.34191385979,2024,1045.92207475792,2024,42.882,2024,NA,NA,NA,NA,38.0713036688655,2024,0.609,2023,33.30469894,2024,14754785,2024,8.298126795660833,FALSE
HND,Honduras,Latin America & Caribbean,Lower middle income,2019,40.6984,37.9628,-2.735599999999998,1.0720600166478762,76.30025815111439,74.037428873683,-2.2628292774313934,1.0305633152292748,Findex 2024,2024,76.30025815111439,74.037428873683,-2.2628292774313934,1.0305633152292748,6590.84384301553,2024,2575.32081187859,2024,39.617,2024,56.205606327767,2024,NA,NA,58.7850728104829,2024,0.437,2023,58.62269974,2024,10825703,2024,8.79343666831499,FALSE
IND,India,South Asia,Lower middle income,NA,NA,NA,NA,NA,36.3262135673183,54.973505417099,18.6472918497807,0.6607949282422759,Findex 2024,2024,36.3262135673183,54.973505417099,18.6472918497807,0.6607949282422759,9416.05137044735,2024,2366.8328910323,2024,32.415,2024,78.7182686071249,2024,NA,NA,35.3788972368389,2024,0.403,2023,64.9434967,2024,1450935791,2024,9.150171104580217,FALSE
IDN,Indonesia,East Asia & Pacific,Upper middle income,2024,69.9034,75.6503,5.746899999999997,0.9240333481823602,70.0734651337029,70.8486149588815,0.7751498251786018,0.9890590687534474,Findex 2024,2024,70.0734651337029,70.8486149588815,0.7751498251786018,0.9890590687534474,14470.7179806578,2024,4367.94741847938,2024,53.588,2024,98.6691707526139,2024,NA,NA,58.7509635387997,2024,0.423,2023,72.78075544,2024,283487931,2024,9.579882436961107,FALSE
IRN,"Iran, Islamic Rep.","Middle East, North Africa, Afghanistan & Pakistan",Upper middle income,2021,77.6856,79.5041,1.8185,0.9771269657791234,77.820418086435,77.1432305570795,-0.6771875293554928,1.0087783143701046,Findex 2024,2024,77.820418086435,77.1432305570795,-0.6771875293554928,1.0087783143701046,17484.1320140467,2024,5834.44296939863,2024,14.144,2024,86.1972427368164,2023,NA,NA,77.0201263427734,2024,0.482,2023,85.3404007,2024,91567738,2024,9.769049006517884,FALSE
IRQ,Iraq,"Middle East, North Africa, Afghanistan & Pakistan",Upper middle income,2022,72.3028,84.7161,12.413299999999992,0.8534717721897019,65.47414784071151,86.1667778585704,20.69263001785889,0.7598537332819537,Findex 2024,2024,65.47414784071151,86.1667778585704,20.69263001785889,0.7598537332819537,12725.0431260364,2024,4180.29619477317,2024,11.003,2024,NA,NA,NA,NA,69.8861494108913,2024,0.558,2023,81.47450256,2024,46042015,2024,9.451327230492462,FALSE
JAM,Jamaica,Latin America & Caribbean,Upper middle income,2023,92.2942,86.5903,-5.703900000000004,1.0658722743771532,NA,NA,NA,NA,ITU,2023,92.2942,86.5903,-5.703900000000004,1.0658722743771532,11398.8120394641,2023,6127.90771263434,2023,63.047,2023,85.6044566148171,2023,NA,NA,58.4510149367429,2023,0.358,2023,89.47304282,2023,2839786,2023,9.3412644218881,FALSE
JOR,Jordan,"Middle East, North Africa, Afghanistan & Pakistan",Upper middle income,2024,94.611,96.5139,1.9029000000000025,0.9802836689844676,89.42527780449569,89.1200355180916,-0.3052422864040949,1.0034250691736106,Findex 2024,2024,89.42527780449569,89.1200355180916,-0.3052422864040949,1.0034250691736106,10468.265334284,2024,4441.03974922351,2024,16.008,2024,92.9268253048268,2024,NA,NA,92.9501393764286,2024,0.433,2023,95.62244985,2024,11552876,2024,9.256103610509161,FALSE
KAZ,Kazakhstan,Europe & Central Asia,Upper middle income,2024,92.6203,94.2114,1.5910999999999973,0.9831113856709486,87.71315063506509,89.126232178839,1.413081543773913,0.9841451668130832,Findex 2024,2024,87.71315063506509,89.126232178839,1.413081543773913,0.9841451668130832,35973.9633287017,2024,11872.7842626298,2024,65.291,2024,96.7445196567945,2024,NA,NA,62.072531584162,2024,0.182,2023,93.39167254,2024,20592571,2024,10.490550714904,FALSE
KEN,Kenya,Sub-Saharan Africa,Lower middle income,2024,32.1852,37.8239,5.6387,0.8509223004502444,49.6259372571647,71.85986222563389,22.23392496846919,0.6905932702924402,Findex 2024,2024,49.6259372571647,71.85986222563389,22.23392496846919,0.6905932702924402,5841.59866001706,2024,1858.87650030024,2024,63.012,2024,84.7505339840655,2023,NA,NA,31.8937831721599,2024,0.526,2023,34.97622513,2024,56432944,2024,8.672759781515058,FALSE
KGZ,Kyrgyz Republic,Europe & Central Asia,Lower middle income,NA,NA,NA,NA,NA,92.1697593512115,91.875855530343,-0.2939038208684934,1.003198923364272,Findex 2024,2024,92.1697593512115,91.875855530343,-0.2939038208684934,1.003198923364272,7210.57669830499,2024,1423.58624650541,2024,44.256,2024,92.5232415743903,2024,NA,NA,34.7219977865937,2024,0.34,2023,92.0286026,2024,7221868,2024,8.883304212975576,FALSE
LAO,Lao PDR,East Asia & Pacific,Lower middle income,NA,NA,NA,NA,NA,73.3612142911848,66.9672833652822,-6.393930925902595,1.0954784277424847,Findex 2024,2024,73.3612142911848,66.9672833652822,-6.393930925902595,1.0954784277424847,8600.3245466568,2024,2721.07810663122,2024,61.466,2024,50.9977217073246,2024,NA,NA,39.5552154401406,2024,0.475,2023,65.59269714,2024,7769819,2024,9.059555219512887,FALSE
LBN,Lebanon,"Middle East, North Africa, Afghanistan & Pakistan",Lower middle income,NA,NA,NA,NA,NA,93.3993868223083,95.0218251886465,1.6224383663382014,0.9829256240540826,Findex 2024,2024,93.3993868223083,95.0218251886465,1.6224383663382014,0.9829256240540826,10469.2210966932,2024,5391.22914209501,2024,22.234,2023,67.5449829101562,2024,NA,NA,90.703695784554,2024,0.36,2023,80.63400269,2024,5805962,2024,9.256194907276136,FALSE
LSO,Lesotho,Sub-Saharan Africa,Lower middle income,2019,44.9228,38.35,-6.572800000000001,1.171389830508475,47.5138163465784,43.9782665210723,-3.535549825506102,1.080393114717517,Findex 2024,2024,47.5138163465784,43.9782665210723,-3.535549825506102,1.080393114717517,2697.62738436647,2024,1012.59379523386,2024,48.457,2024,NA,NA,NA,NA,43.6780334209246,2024,0.534,2023,51.79660034,2024,2337423,2024,7.900127919137414,FALSE
LBR,Liberia,Sub-Saharan Africa,Low income,NA,NA,NA,NA,NA,29.5571588621117,36.2766255976818,6.719466735570101,0.8147714506279906,Findex 2024,2024,29.5571588621117,36.2766255976818,6.719466735570101,0.8147714506279906,1646.05861366601,2024,665.101337624192,2024,72.021,2024,NA,NA,NA,NA,55.5387986654968,2024,0.646,2023,32.23360062,2024,5612817,2024,7.40613899036364,FALSE
LBY,Libya,"Middle East, North Africa, Afghanistan & Pakistan",Upper middle income,NA,NA,NA,NA,NA,81.9462711051532,79.0923306268304,-2.853940478322798,1.036083656350805,Findex 2024,2024,81.9462711051532,79.0923306268304,-2.853940478322798,1.036083656350805,12583.8338726816,2024,7696.0807819319,2024,33.28,2024,NA,NA,NA,NA,87.8854066107749,2024,0.253,2023,81.95449829,2024,7381023,2024,9.440168243179391,FALSE
MDG,Madagascar,Sub-Saharan Africa,Low income,NA,NA,NA,NA,NA,7.51848473590579,14.9051272477778,7.386642511872011,0.5044227138031792,Findex 2024,2024,7.51848473590579,14.9051272477778,7.386642511872011,0.5044227138031792,1659.15030770194,2024,453.957809653992,2024,82.915,2024,35.2580222250234,2021,NA,NA,32.4339893339844,2024,0.584,2023,18.67790031,2024,31964956,2024,7.4140608874739335,FALSE
MWI,Malawi,Sub-Saharan Africa,Low income,2023,16.123,18.8351,2.7120999999999995,0.8560081974611231,17.8161939653371,23.4378384607099,5.621644495372802,0.7601466319175864,Findex 2024,2024,17.8161939653371,23.4378384607099,5.621644495372802,0.7601466319175864,1634.24660266597,2024,551.95152347056,2024,58.534,2024,37.2564052253575,2023,NA,NA,17.268503531213,2024,0.581,2023,18.96159935,2024,21655286,2024,7.398937183656944,FALSE
MYS,Malaysia,East Asia & Pacific,Upper middle income,2024,97.6373,98.3628,0.7254999999999967,0.9926242441248114,86.7899140840487,86.9869744526902,0.19706036864150175,0.9977345991180704,Findex 2024,2024,86.7899140840487,86.9869744526902,0.19706036864150175,0.9977345991180704,34116.2317848885,2024,11883.79127749,2024,51.617,2024,81.5357622372136,2024,NA,NA,76.9170296648992,2024,0.172,2023,98.0206059,2024,35557673,2024,10.437528555438917,FALSE
MDV,Maldives,South Asia,Upper middle income,2022,95.4996,76.3672,-19.132400000000004,1.2505316418567134,NA,NA,NA,NA,ITU,2022,95.4996,76.3672,-19.132400000000004,1.2505316418567134,21357.8112511153,2022,10939.9963271738,2022,40.171,2022,79.1463748290014,2022,NA,NA,41.0641769690663,2022,0.312,2022,83.91189054,2022,524106,2022,9.969172818306697,TRUE
MLI,Mali,Sub-Saharan Africa,Low income,NA,NA,NA,NA,NA,40.2577120775445,51.89978162812841,11.642069550583912,0.7756817237883291,Findex 2024,2024,40.2577120775445,51.89978162812841,11.642069550583912,0.7756817237883291,2917.93245883671,2024,910.300376300627,2024,53.093,2024,37.1307560416794,2023,NA,NA,31.6075621182225,2024,0.612,2023,36.80149841,2024,24478595,2024,7.978630582425785,FALSE
MRT,Mauritania,Sub-Saharan Africa,Lower middle income,NA,NA,NA,NA,NA,56.868861475398006,63.0358034462749,6.166941970876891,0.9021676311918044,Findex 2024,2024,56.868861475398006,63.0358034462749,6.166941970876891,0.9021676311918044,6482.69016635936,2024,1692.84166088843,2024,26.239,2024,NA,NA,NA,NA,60.6068586411829,2024,0.603,2023,45.77939987,2024,5169395,2024,8.776890852325295,FALSE
MUS,Mauritius,Sub-Saharan Africa,Upper middle income,2024,72.4419,74.2288,1.7869000000000028,0.9759271334037464,72.52228635754689,81.8795022489415,9.357215891394617,0.8857196778878125,Findex 2024,2024,72.52228635754689,81.8795022489415,9.357215891394617,0.8857196778878125,27844.8956114831,2024,11918.8045212095,2024,47.45,2024,93.386946088039707,2024,NA,NA,39.0162147027917,2024,0.352,2023,73.30793533,2024,1245779,2024,10.234404947102506,FALSE
MEX,Mexico,Latin America & Caribbean,Upper middle income,2024,82.2767,84.0676,1.7908999999999935,0.9786969058234088,75.0329196140232,80.223490209757,5.190570595733803,0.9352986191181382,Findex 2024,2024,75.0329196140232,80.223490209757,5.190570595733803,0.9352986191181382,21970.3520412926,2024,10284.0336925726,2024,47.414,2024,109.978668212891,2024,NA,NA,79.7538805976118,2024,0.358,2023,83.12233799,2024,130861007,2024,9.99744918897775,FALSE
MDA,Moldova,Europe & Central Asia,Upper middle income,NA,NA,NA,NA,NA,78.4476080555429,78.9328388646456,0.48523080910270266,0.9938526117129174,Findex 2024,2024,78.4476080555429,78.9328388646456,0.48523080910270266,0.9938526117129174,16393.8633257184,2024,3855.56940382925,2024,72.177,2024,99.3201300620751,2024,NA,NA,43.516471862793,2024,0.146,2023,77.3687973,2024,2402306,2024,9.7046623563305,FALSE
MNG,Mongolia,East Asia & Pacific,Upper middle income,2021,80.4054,82.9063,2.5009000000000015,0.969834620529441,89.3895999138167,84.1034367824934,-5.286163131323292,1.0628531167518669,Findex 2024,2024,89.3895999138167,84.1034367824934,-5.286163131323292,1.0628531167518669,16842.6505873797,2024,4626.79609644243,2024,52.1,2024,99.3672996596348,2023,NA,NA,70.9566040039062,2024,0.284,2023,85.12349701,2024,3524788,2024,9.731669673710963,FALSE
MNE,Montenegro,Europe & Central Asia,Upper middle income,2024,89.3549,88.4688,-0.886099999999999,1.0100159604289871,83.5590009948296,84.0833595279969,0.5243585331673017,0.9937638251360222,Findex 2024,2024,83.5590009948296,84.0833595279969,0.5243585331673017,0.9937638251360222,28105.5927726624,2024,8540.00427762252,2024,51.429,2024,95.1452331542969,2023,NA,NA,65.5422314706266,2024,0.121,2023,88.88258428,2024,623525,2024,10.243723866573387,FALSE
MAR,Morocco,"Middle East, North Africa, Afghanistan & Pakistan",Lower middle income,2021,86.3624,89.9199,3.5575000000000045,0.9604370111621564,62.5741953255187,67.0874382689856,4.513242943466892,0.9327259609262296,Findex 2024,2024,62.5741953255187,67.0874382689856,4.513242943466892,0.9327259609262296,9162.7470703125,2024,3516.15405273438,2024,19.827,2024,91.2537211746273,2024,NA,NA,62.7998124018197,2024,0.438,2023,91.2,2024,38081173,2024,9.12290131121334,FALSE
MOZ,Mozambique,Sub-Saharan Africa,Low income,NA,NA,NA,NA,NA,19.9924298970031,34.2792504258028,14.2868205287997,0.5832224931603034,Findex 2024,2024,19.9924298970031,34.2792504258028,14.2868205287997,0.5832224931603034,1500.70758504856,2024,605.763481416969,2024,77.206,2024,NA,NA,NA,NA,36.4332337447237,2024,0.479,2023,20.52729988,2024,34631766,2024,7.313691999229519,FALSE
NAM,Namibia,Sub-Saharan Africa,Lower middle income,NA,NA,NA,NA,NA,56.482743063166794,56.3272762042508,-0.1554668589159931,1.0027600634966307,Findex 2024,2024,56.482743063166794,56.3272762042508,-0.1554668589159931,1.0027600634966307,10276.3686426386,2024,4032.40150676649,2024,54.911,2024,86.3728889011327,2024,NA,NA,50.4088030252155,2024,0.448,2023,64.87460327,2024,3030131,2024,9.237602231723974,FALSE
NPL,Nepal,South Asia,Lower middle income,NA,NA,NA,NA,NA,42.8937188618155,58.1252147558964,15.2314958940809,0.7379537270004535,Findex 2024,2024,42.8937188618155,58.1252147558964,15.2314958940809,0.7379537270004535,5047.42449022702,2024,1179.95499311034,2024,27.378,2024,90.8899312933145,2024,NA,NA,66.772343163029,2024,0.487,2023,46.32189941,2024,29651054,2024,8.52663339023894,FALSE
NIC,Nicaragua,Latin America & Caribbean,Lower middle income,NA,NA,NA,NA,NA,73.99344674642539,75.52634571124919,1.5328989648238007,0.9797037848132576,Findex 2024,2024,73.99344674642539,75.52634571124919,1.5328989648238007,0.9797037848132576,7661.09410113202,2024,2290.31991989418,2024,51.082,2024,70.6665573120117,2023,NA,NA,59.2628402709961,2024,0.408,2023,61.39550018,2024,6916140,2024,8.943910085580924,FALSE
NER,Niger,Sub-Saharan Africa,Low income,NA,NA,NA,NA,NA,13.8526009917283,17.368586929098402,3.515985937370102,0.7975663793650589,Findex 2024,2024,13.8526009917283,17.368586929098402,3.515985937370102,0.7975663793650589,1795.65266888022,2024,589.085643279512,2024,72.787,2024,19.5379934744263,2024,NA,NA,18.0497398450803,2024,0.591,2023,15.55760002,2024,27032412,2024,7.4931238386675165,FALSE
NGA,Nigeria,Sub-Saharan Africa,Lower middle income,NA,NA,NA,NA,NA,30.7420091731215,44.7330371509359,13.991027977814401,0.6872327731603245,Findex 2024,2024,30.7420091731215,44.7330371509359,13.991027977814401,0.6872327731603245,7994.03754470824,2024,2324.59702394542,2024,80.714,2024,47.4061508178711,2023,NA,NA,62.9755675573659,2024,0.677,2023,41.21139908,2024,232679478,2024,8.986451235871227,FALSE
MKD,North Macedonia,Europe & Central Asia,Upper middle income,2020,79.2467,83.5401,4.293399999999991,0.9486067170137455,82.6686781063551,83.7253662193202,1.056688112965091,0.9873791162621244,Findex 2024,2024,82.6686781063551,83.7253662193202,1.056688112965091,0.9873791162621244,24203.1855800189,2024,6628.84686594032,2024,42.884,2024,90.173713684082,2023,NA,NA,62.5645376928533,2024,0.112,2023,93.6,2024,1824359,2024,10.094239539019553,FALSE
PAK,Pakistan,"Middle East, North Africa, Afghanistan & Pakistan",Lower middle income,2020,13.6127,24.039,10.4263,0.5662756354257664,13.5958682033155,57.2070113868114,43.6111431834959,0.23766087187085452,Findex 2024,2024,13.5958682033155,57.2070113868114,43.6111431834959,0.23766087187085452,5502.0736120186,2024,1635.08731167091,2024,23.989,2024,46.4835415439493,2024,NA,NA,39.1734368360905,2024,0.536,2023,57.253,2024,251269164,2024,8.612880320533261,TRUE
PRY,Paraguay,Latin America & Caribbean,Upper middle income,2024,82.1252,81.0022,-1.1230000000000049,1.01386382098264,85.1987430060085,82.41513736373331,-2.783605642275191,1.0337754171298648,Findex 2024,2024,85.1987430060085,82.41513736373331,-2.783605642275191,1.0337754171298648,16367.4940166481,2024,6670.6995656958,2024,58.944,2024,80.8023312507795,2024,NA,NA,69.8622585886961,2024,0.412,2023,81.57806793,2024,6929153,2024,9.70305257475221,FALSE
PER,Peru,Latin America & Caribbean,Upper middle income,2024,80.225,83.6948,3.4698000000000064,0.9585422272351448,74.2530023953768,82.0920576047654,7.839055209388604,0.9045089690999102,Findex 2024,2024,74.2530023953768,82.0920576047654,7.839055209388604,0.9045089690999102,15708.8329440963,2024,6732.27773809578,2024,64.939,2024,108.98267364502,2024,NA,NA,85.1912729600355,2024,0.34,2023,81.95705992,2024,34217848,2024,9.661978441036132,FALSE
PHL,Philippines,East Asia & Pacific,Upper middle income,2024,69.9401,64.6093,-5.330799999999996,1.0825082457169477,74.0385936256926,67.2754891544764,-6.763104471216195,1.1005285068338473,Findex 2024,2024,74.0385936256926,67.2754891544764,-6.763104471216195,1.1005285068338473,10378.1717703535,2024,3926.14900894495,2024,50.511,2024,86.1154588164975,2024,NA,NA,55.4520983215477,2024,0.351,2023,67.26300914,2024,115843670,2024,9.247460011183417,FALSE
SEN,Senegal,Sub-Saharan Africa,Lower middle income,NA,NA,NA,NA,NA,67.7558018877377,72.6808466849973,4.925044797259602,0.9322373772198196,Findex 2024,2024,67.7558018877377,72.6808466849973,4.925044797259602,0.9322373772198196,4477.81736836258,2024,1517.61838829684,2024,37.99,2024,50.2150531512901,2023,NA,NA,55.2368169057304,2024,0.49,2023,60.11780167,2024,18501984,2024,8.406891012129275,FALSE
SRB,Serbia,Europe & Central Asia,Upper middle income,2024,85.2017,90.278,5.076300000000003,0.943770353796052,77.39707013888109,81.24674439565061,3.849674256769518,0.95261749519436,Findex 2024,2024,77.39707013888109,81.24674439565061,3.849674256769518,0.95261749519436,26900.7415340646,2024,8580.26105823259,2024,52.619,2024,88.5398788452148,2024,NA,NA,62.3830029804177,2024,0.117,2023,87.69071294,2024,6586476,2024,10.19990913153209,FALSE
SLE,Sierra Leone,Sub-Saharan Africa,Low income,NA,NA,NA,NA,NA,32.715962885150304,32.791966987514996,0.07600410236469202,0.9976822341156408,Findex 2024,2024,32.715962885150304,32.791966987514996,0.07600410236469202,0.9976822341156408,3098.76290446676,2024,1137.29005648131,2024,51.815,2024,91.7119293212891,2023,NA,NA,45.3626823156371,2024,0.566,2023,25.10499954,2024,8642022,2024,8.03875824775114,FALSE
ZAF,South Africa,Sub-Saharan Africa,Upper middle income,NA,NA,NA,NA,NA,65.6124268898682,71.39410801305071,5.7816811231825085,0.919017391153264,Findex 2024,2024,65.6124268898682,71.39410801305071,5.7816811231825085,0.919017391153264,13597.6538495998,2024,5715.47531469148,2024,49.801,2024,107.464974022043,2023,NA,NA,63.6917984858172,2024,0.388,2023,78.35759735,2024,64007187,2024,9.51765254578356,FALSE
LKA,Sri Lanka,South Asia,Upper middle income,2024,52.24,57.18,4.939999999999998,0.913606155998601,36.8688679028974,49.884576390114,13.0157084872166,0.739083511796724,Findex 2024,2024,36.8688679028974,49.884576390114,13.0157084872166,0.739083511796724,13793.0669827677,2024,4198.74513727898,2024,30.998,2024,90.4491165297148,2023,NA,NA,20.2996997058686,2024,0.367,2023,54.59,2024,21916000,2024,9.531921352350809,FALSE
TJK,Tajikistan,Europe & Central Asia,Lower middle income,NA,NA,NA,NA,NA,55.192397682225305,70.2287521671385,15.03635448491319,0.7858946083916181,Findex 2024,2024,55.192397682225305,70.2287521671385,15.03635448491319,0.7858946083916181,4755.93296704719,2024,1496.33813395037,2024,21.946,2024,82.8936127916098,2024,NA,NA,26.1788063651548,2024,0.258,2023,55.79339981,2024,10590927,2024,8.467148163314203,FALSE
TZA,Tanzania,Sub-Saharan Africa,Lower middle income,NA,NA,NA,NA,NA,15.5773728482612,25.905900409104397,10.328527560843195,0.6013059805783346,Findex 2024,2024,15.5773728482612,25.905900409104397,10.328527560843195,0.6013059805783346,3713.26293945313,2024,1120.77416992188,2024,80.288,2024,29.2047595977783,2021,NA,NA,36.1684458862992,2024,0.504,2023,31.16209984,2024,68560157,2024,8.219666267574178,FALSE
THA,Thailand,East Asia & Pacific,Upper middle income,2024,89.9092,91.9062,1.997,0.978271324459068,86.45410581531,85.0834417287786,-1.3706640865314057,1.016109645527748,Findex 2024,2024,86.45410581531,85.0834417287786,-1.3706640865314057,1.016109645527748,21882.2142474833,2024,6616.58539335928,2024,59.473,2024,94.0628144371624,2024,NA,NA,61.8689338391321,2024,0.288,2023,90.86718789,2024,71668011,2024,9.993429451026337,FALSE
TGO,Togo,Sub-Saharan Africa,Lower middle income,NA,NA,NA,NA,NA,35.880633719045,51.861820569031,15.981186849986004,0.6918506393597551,Findex 2024,2024,35.880633719045,51.861820569031,15.981186849986004,0.6918506393597551,3351.24993111939,2024,1053.81653764697,2024,56.604,2024,59.0849653049812,2023,NA,NA,43.8148491605996,2024,0.564,2023,39.48320007,2024,8406558,2024,8.117088668996463,FALSE
TUN,Tunisia,"Middle East, North Africa, Afghanistan & Pakistan",Lower middle income,2019,61.1126,72.462,11.349400000000005,0.8433744583367834,64.6945894088917,71.418819305963,6.724229897071297,0.90584792688515,Findex 2024,2024,64.6945894088917,71.418819305963,6.724229897071297,0.90584792688515,12774.9158568021,2024,4006.20588267443,2024,26.635,2024,NA,NA,NA,NA,70.3585355691955,2024,0.238,2023,76.5,2024,12277109,2024,9.45523882849852,FALSE
TUR,Turkiye,Europe & Central Asia,Upper middle income,2024,83.9343,90.6883,6.754000000000005,0.9255251228659044,83.67492752787909,91.351647176788,7.6767196489089,0.9159651753837283,Findex 2024,2024,83.67492752787909,91.351647176788,7.6767196489089,0.9159651753837283,36154.490436557,2024,15395.0278894893,2024,36.786,2024,116.872711181641,2023,NA,NA,89.3443122873887,2024,0.227,2023,87.3078767,2024,85518661,2024,10.495556436651539,FALSE
UGA,Uganda,Sub-Saharan Africa,Low income,2024,7.5879200000000004,10.5867,2.99878,0.7167408163072535,30.482209664520298,47.1468265134127,16.6646168488924,0.6465378885225388,Findex 2024,2024,30.482209664520298,47.1468265134127,16.6646168488924,0.6465378885225388,2879.67009290376,2024,986.090145363924,2024,75.556,2024,NA,NA,NA,NA,31.2777698213557,2024,0.524,2023,8.949831061,2024,50015092,2024,7.965431015493433,FALSE
UKR,Ukraine,Europe & Central Asia,Upper middle income,2021,76.8126,82.0031,5.1905,0.9367036124244084,93.3097404697324,96.6777500085815,3.368009538849094,0.9651625163126972,Findex 2024,2024,93.3097404697324,96.6777500085815,3.368009538849094,0.9651625163126972,16371.44140625,2024,2226.05810546875,2024,47.738,2021,86.3840713500977,2024,NA,NA,69.5315643200148,2024,NA,NA,82.47489929,2024,37860221,2024,9.703293718184032,FALSE
UZB,Uzbekistan,Europe & Central Asia,Lower middle income,2023,87.1292,90.9056,3.7764000000000095,0.9584580047873836,69.2500767371908,78.5172562938574,9.267179556666605,0.8819727026377054,Findex 2024,2024,69.2500767371908,78.5172562938574,9.267179556666605,0.8819727026377054,10997.1707291644,2024,4477.90745486742,2024,41.273,2024,96.4939184204858,2024,NA,NA,50.9986686706543,2024,0.291,2023,89.50550079,2024,36361859,2024,9.305393312257658,FALSE
VEN,"Venezuela, RB",Latin America & Caribbean,Lower middle income,NA,NA,NA,NA,NA,88.13977034784139,90.6848022423472,2.5450318945057973,0.9719354088934944,Findex 2024,2024,88.13977034784139,90.6848022423472,2.5450318945057973,0.9719354088934944,NA,NA,1501.22207949327,2024,37.332,2024,102.248580932617,2024,NA,NA,89.285859883201,2024,0.512,2023,76.67890167,2024,28405543,2024,NA,FALSE
VNM,Viet Nam,East Asia & Pacific,Upper middle income,2024,82.2272,86.08,3.852800000000002,0.9552416356877323,87.1667687809593,88.6183431882713,1.4515744073119947,0.9836199329045444,Findex 2024,2024,87.1667687809593,88.6183431882713,1.4515744073119947,0.9836199329045444,14396.4217369473,2024,4012.50779921084,2024,68.905,2024,90.5445572317873,2022,NA,NA,38.4900703430176,2024,0.299,2023,84.15,2024,100987686,2024,9.574734964195445,FALSE
PSE,West Bank and Gaza,"Middle East, North Africa, Afghanistan & Pakistan",Lower middle income,2023,86.2802,86.9849,0.7047000000000025,0.9918985938938828,93.70495129041028,94.4515363663102,0.7465850758999011,0.9920955750999704,Findex 2024,2024,93.70495129041028,94.4515363663102,0.7465850758999011,0.9920955750999704,4190.90911333626,2024,2258.20698667764,2024,18.934,2022,92.1529721719084,2023,NA,NA,87.1196014117004,2024,NA,NA,86.63765334,2023,5289152,2024,8.340672961537754,FALSE
ZMB,Zambia,Sub-Saharan Africa,Lower middle income,NA,NA,NA,NA,NA,31.42182052463,46.9710145844212,15.549194059791198,0.6689619290244504,Findex 2024,2024,31.42182052463,46.9710145844212,15.549194059791198,0.6689619290244504,3708.06904295647,2024,1343.38966380353,2024,56.366,2024,59.0707702636719,2024,NA,NA,45.4703838491279,2024,0.524,2023,17.10099983,2024,21314956,2024,8.218266546511444,FALSE
ZWE,Zimbabwe,Sub-Saharan Africa,Lower middle income,2020,29.6914,28.8779,-0.8135000000000012,1.0281703309451171,26.947125797954204,36.9928950721101,10.045769274155898,0.7284405761005264,Findex 2024,2024,26.947125797954204,36.9928950721101,10.045769274155898,0.7284405761005264,5211.89755587954,2024,1416.80065463874,2024,62.115,2024,NA,NA,NA,NA,39.8933716820696,2024,0.519,2023,41.64279938,2024,16634373,2024,8.558699282617862,FALSE
